filename,description
WhatsApp Image 2026-04-18 at 16.17.15 (1).jpeg,"Here is a 4-paragraph description based on the provided photograph and context.

PARAGRAPH 1 — Physical content
This is a collage of six photographs depicting a rural, riverine landscape and its inhabitants. The largest panel shows a man in a red t-shirt and light-colored shorts using a large, cantilevered lift net to fish from a rock at the edge of a body of water. The water is murky, and the bank is composed of red earth, large boulders, and some visible litter, including a plastic bottle. Other panels show a sunset or sunrise over distant hills and what appear to be agricultural fields; two landscape views of a wide, brown river under a cloudy sky, with green vegetation on the banks; and two portraits of a second man in a yellow t-shirt. In one, he looks over his shoulder towards the camera, with the river behind him. In the other, he sits smiling on a motorcycle on a red dirt road, with a forested hill in the background.

PARAGRAPH 2 — Light and time
The light quality varies across the images, suggesting they were taken at different times of day or in changing weather. The majority of the photos, particularly those featuring the man in the yellow shirt and the wider river landscapes, are shot under a heavy, grey, overcast sky. The light is diffuse and flat, indicating a cloudy day, possibly during the monsoon season, which would also account for the high, muddy water. In stark contrast, one small panel captures the low, warm light of either sunrise or sunset, with the sun a sliver of orange on the horizon, casting the foreground and hills into silhouette.

PARAGRAPH 3 — Material and cultural texture
The most prominent material feature is the deep red, lateritic soil, which forms the unpaved road and the riverbanks. The fishing equipment is a traditional lift net, constructed from what appears to be a bamboo frame supporting a fine mesh, operated by a single person. The clothing is contemporary casual wear: cotton t-shirts and shorts. The vehicle is a common commuter motorcycle, a practical choice for navigating unpaved rural roads. The built environment is minimal; the landscape is defined by the river, the red earth, and the dense green foliage of the hills, showing a direct and unmediated relationship between human activity and the natural surroundings.

PARAGRAPH 4 — Mood and editorial note
The collage conveys a quiet, documentary mood, capturing moments of daily life and travel within a specific landscape. The images of the man in the yellow t-shirt are clearly posed portraits, suggesting a personal travelogue or someone documenting their own home environment. The other images, like that of the fisherman and the sunset, feel more observational and candid. The collection does not present a romanticized vision; the overcast weather, the muddy water, and the visible litter ground the scene in an everyday reality. The overall feeling is one of ordinary routine and movement through a landscape shaped by water and weather."
WhatsApp Image 2026-04-18 at 16.17.15.jpeg,"This collage consists of six photographs. Five of the images depict a river flowing over large, smooth, weathered rock formations, creating sections of white-water rapids and calmer pools. The river is flanked by dense green forest climbing up a steep hillside. No man-made structures are visible in these five landscape shots. The sixth photograph, in the bottom right corner, is a selfie of four young men sitting together on the side of a road. The man in the foreground, taking the picture, wears a red-and-white checkered shirt. The men behind him wear, respectively, a green t-shirt, a light-colored t-shirt, and a pink-and-white checkered shirt. They are seated in a line on what appears to be a low stone or concrete ledge, with a road and forest behind them.

The light is bright but appears soft and diffused, suggesting a midday sun filtered through an overcast or partly cloudy sky. One image in the bottom row clearly shows a patch of blue sky filled with dense white and grey clouds, confirming these conditions. The lighting is consistent across all six photos, indicating they were likely taken during the same excursion. The lush, vibrant green of the foliage and the strong flow of water in the river suggest a period during or shortly after the monsoon season.

The dominant materials are natural: dark grey and brownish stone, eroded smooth by water, and the dense, varied greenery of a tropical forest. In the selfie, a glimpse of a paved or well-trodden dirt road is visible, showing a point of human access into the otherwise wild-seeming landscape. The men’s clothing consists of modern, casual fabrics like cotton for their t-shirts and button-down shirts, and what appear to be synthetic track pants on one individual. A plastic packet lies on the ground near them. The juxtaposition shows contemporary life taking place within a natural setting.

The mood of the collage is one of casual leisure and friendship. The landscape photos capture the raw beauty of the river, while the selfie personalizes the location, framing it as a destination for a social outing. The images feel spontaneous and personal, like snapshots taken with a phone to document a day spent with friends. The inclusion of the selfie prevents the scene from being a purely scenic depiction; instead, it's an honest record of young people enjoying a natural spot, a familiar activity that grounds the location in a contemporary, everyday reality."
WhatsApp Image 2026-04-18 at 16.17.16 (1).jpeg,"This collage presents six images from a rural setting. A man with a mustache, wearing a yellow, blue, and white checked shirt and dark trousers, is the subject of two portraits. In one, he stands in front of a single-story building with a rusted corrugated metal roof; in the other, he stands by the same red and blue motorcycle on the edge of a paved road. The building has earthen, mud-plastered walls and simple wooden doors. A pair of sandals lies on the bare dirt ground outside. The other four images are landscapes: a paved road curves past a large tree and fields towards distant green hills under a bright blue sky; another road disappears into a misty, forested area at low light; a third image shows a winding road at dusk or dawn through silhouetted trees; and the final frame captures a sunrise or sunset over a landscape of trees and power lines, with a sky full of textured clouds.

The collection of images captures various times of day and weather conditions. The portrait of the man in front of the building and the landscape with the blue sky appear to be taken in bright, midday or afternoon light, though the sky in the portrait is overcast and gray. The other three landscapes are clearly shot during the transitional hours. One shows the warm, low-angled light of a sunrise or sunset, while the two road scenes are suffused with the cool, dim light of dawn or dusk, with one featuring visible mist or fog. The lush greenery suggests a season with ample rain, possibly the monsoon or post-monsoon period.

The material environment is a mix of the natural, the traditional, and the contemporary. The primary building is constructed from local materials—what appears to be mud or clay for the walls—but is topped with industrial corrugated metal sheeting, heavily rusted. This sits on bare, reddish-brown earth. In contrast, the asphalt roads with painted lane markings cut cleanly through the landscape, and the man’s primary mode of transport is a modern motorcycle. His attire, a standard checked shirt, is also contemporary. The juxtaposition of the earthen structure and the paved road points to a place where different eras of technology and material culture coexist.

The mood of the collage is observational and quiet. It feels like a personal document of a place and a person within it, rather than a curated presentation for outsiders. The images are straightforward and lack artifice. The subject’s pose is simple and direct, neither overly formal nor entirely candid. The mix of portraits and landscapes creates a sense of a person’s daily geography—the home, the road, the surrounding forest and fields. The collection does not romanticize the setting; the rust, the bare earth, and the worn building are presented plainly. It is an ordinary, honest depiction of a life connected to a specific rural landscape."
WhatsApp Image 2026-04-18 at 16.17.16 (2).jpeg,"This collage of six photographs documents a rural landscape in Sarangada. The images feature lush, green grain crop fields, possibly paddy, set against a backdrop of rolling, forested hills. Vegetation is dense, including large, mature trees, prominent clumps of bamboo, and varied undergrowth. A red dirt road winds through several frames, flanked by small, orange-painted concrete markers. Man-made structures are minimal: one image shows a simple hut with a thatched roof, while a small, weathered, free-standing rectangular structure, likely a toilet or outhouse, with a sloped tin or asbestos roof appears in multiple shots. Faint electrical wires and poles are visible, crisscrossing the sky.

The quality of light is flat and diffuse, indicating a heavily overcast sky. There are no discernible shadows, suggesting the sun is completely obscured by a thick blanket of clouds. The peaks of the distant hills are shrouded in a low-hanging mist or fog, and the general wetness and intense vibrancy of the green foliage suggest this is the monsoon season. Due to the uniform grey sky, the exact time of day is difficult to determine, though it is clearly daylight, likely mid-morning or afternoon. The atmosphere appears humid and still.

A foreign visitor would notice the distinct material contrast between the natural and built environments. The roads are unpaved, their reddish-brown color coming from the packed lateritic earth. Simple, low fences made of sticks and branches delineate some areas. The primary structures visible show a mix of materials: the traditional, organic construction of a thatched-roof shelter coexists with the more modern, functional form of the concrete and corrugated-sheet outhouse. The presence of a basic electrical grid, evidenced by the poles and wires, shows the reach of modern infrastructure into this otherwise natural-feeling landscape.

The overall mood of the images is one of quietude and immersion in a saturated, green environment. It’s an ordinary, undramatic scene from a wet day in the village. The composition feels candid, like snapshots taken while walking along the path, rather than a single, formally framed landscape. The inclusion of the functional outhouse and the power lines grounds the scene in contemporary reality, preventing it from being a romanticized or timeless pastoral view. The collage captures the feeling of the place—damp, green, and quiet—as it simply is."
WhatsApp Image 2026-04-18 at 16.17.16.jpeg,"This is a collage of six photographs documenting an outdoor meal. The central subject, a young man with a beard wearing a blue t-shirt, appears in four of the images, mostly in selfies. Several other young men are with him. One image shows them gathered on the ground around a black, round-bottomed cooking pot, or *handi*, serving food onto plates of white rice. A close-up shot displays fire-roasted vegetables—charred potatoes, red onions, tomatoes, and a green chili—on a piece of aluminum foil. The final photograph is a landscape of a rural area, showing a dirt track, a field, a concrete utility pole with a small palm tree beside it, and hazy hills in the distance.

The light in the photographs of the men and their meal is bright and direct, suggesting it is midday or early afternoon under a clear or partly cloudy sky. The shadows are relatively short and defined. In contrast, the landscape image was taken during the ""golden hour."" The sun is low on the horizon, partially obscured by the palm tree, casting a warm, orange glow and creating a hazy, atmospheric effect over the distant hills. This indicates either sunrise or sunset.

The men are dressed in casual, contemporary clothing like t-shirts, shorts, and track pants. One man has a patterned cloth tied around his head like a bandana, and another has a yellow cloth, possibly a *gamcha*, slung over his shoulder. They are eating a communal meal directly on the bare, reddish-brown earth, using what appear to be disposable plates. The cooking is being done in a traditional-style pot over an unseen fire. The landscape is a mix of open, possibly fallow agricultural land and scrubby forest characteristic of foothills. The presence of the concrete utility pole and wires shows modern infrastructure intersecting with the natural and agricultural environment.

The overall mood is one of casual camaraderie and leisure. The frequent use of the selfie format gives the collage a personal, documentary feel, as if a participant is chronicling a day out with friends. The event itself—an outdoor cookout—is ordinary and universally relatable. Nothing about the interactions appears staged beyond the simple act of posing for a photo. The collection of images combines personal portraits, group activity, details of the food, and a sense of the broader place, creating a simple and honest visual diary of a shared meal in a rural setting."
WhatsApp Image 2026-04-18 at 16.17.17 (1).jpeg,"**PARAGRAPH 1 — Physical content**
This collage consists of six photographs. The largest, at the top left, shows seven young men sitting on a low concrete curb at the edge of an asphalt road, backed by a dense forest. They wear t-shirts, jeans, and shorts, with sandals on their feet. In front of them sit a lidded plastic container and a simple metal bucket. The top right image is a selfie of two young men on a road marked with a white line. Below this, a landscape shows open, possibly fallow, fields with a clump of bamboo, leading to a distant line of hills. The bottom left image is of a small, unlined, square-cut well or pit filled with dark blue-green water, dug into an earthen bank. The bottom middle image captures a ceremony where several people, mostly women in colorful saris, are holding green coconuts aloft; in the background is a temporary structure of what appears to be thatch, decorated with yellow and orange streamers. The final image, at the bottom right, shows a rocky, hilly landscape through the silhouette of tree leaves, with a single lit lamp post visible.

**PARAGRAPH 2 — Light and time**
The images are taken at various times of day. The photos of the young men on the road feature bright, diffuse daylight, suggesting midday or afternoon under an overcast sky or in open shade. The two landscape images on the right side of the collage are captured during the golden hour. The upper one shows a pale, hazy sky as the sun sets or rises behind the distant hills, casting a soft, warm light over the fields. The lower one features a more dramatic, low sun creating a bright flare through the leaves and casting long shadows on the rocky terrain, under a sky with scattered, high-altitude clouds. The light in the photo of the ceremony is also soft and directional, consistent with late afternoon.

**PARAGRAPH 3 — Material and cultural texture**
There is a visible juxtaposition of materials and dress. The young men wear contemporary, mass-produced clothing (t-shirts, jeans) and footwear (flip-flops), while participants in the ceremony wear traditional saris and a man is seen in a white vest and a patterned shoulder cloth. The built environment is minimal and functional: an asphalt road, a simple earth-dug well, and a temporary ceremonial structure made from natural materials like thatch. Modern technology appears alongside traditional practice, with one person using a smartphone to film the coconut offering. The landscape shifts from dense forest to cleared agricultural fields and rocky scrubland, showing different uses of the land.

**PARAGRAPH 4 — Mood and editorial note**
The collage feels like a collection of personal snapshots rather than a formal documentary series. It captures disparate moments: casual leisure among a group of young men, a communal ritual, and quiet observations of the landscape at dawn or dusk. There is a sense of the ordinary and the everyday in the scenes of friends sitting by the road. The inclusion of the selfie and the phone recording the ceremony suggests the images were likely taken by and for the community itself, not for an outside observer. The collection doesn't present a single narrative but instead offers glimpses into different facets of life—social, spiritual, and the simple presence of the natural environment—that coexist in the same place."
WhatsApp Image 2026-04-18 at 16.17.17.jpeg,"This photo collage is composed of six images depicting landscapes and people in a rural, hilly setting. The largest, top-left panel shows a young man from behind, wearing a maroon long-sleeved shirt with white accents, black trousers, and sandals. He stands on a large grey boulder, looking out over a valley towards distant hills. To his right is a gnarled tree trunk with green leaves. Other panels show a close-up of the sun setting over forested hills with prominent sun rays; a wider landscape with reddish-brown earth and scrub vegetation; the sun setting behind a palm tree and the silhouette of a brick building; a bright green field, possibly for paddy, with a small body of water and a forested hill in the background; and a partial view of a person’s hand holding a dark pole, with a paved road, a white car, and a simple house in the background. Overhead power lines are visible in at least three of the frames.

The majority of the images are captured during the golden hour, most likely at sunset given the context of the sun appearing over a jungle-like landscape. The light is warm and soft, casting an orange and pink glow on the clouds and the horizon. In one photograph, the sun is a bright, sharp point creating a lens flare, while in others, its light is more diffuse. The sky contains scattered clouds. One image, that of the green field, appears to have been taken under more overcast, daytime conditions with flat, grey-white light, suggesting the collage captures moments from across a single day or different days. The lushness of the vegetation suggests a period following a monsoon season.

The material and cultural details point to a contemporary rural environment. The young man is dressed in modern, casual clothing, including what appears to be a synthetic athletic shirt and molded plastic sandals. Buildings visible include a basic brick structure and a simple house with what might be an asbestos or tin roof. The presence of a paved road, a Maruti Wagon R, and electrical wires signifies integration with modern infrastructure. The landscape itself is a mix of cultivated and uncultivated land, with reddish lateritic soil visible in several frames. The relationship between the built and natural environment is immediate; houses and roads are set directly against fields and forests.

The overall mood of the collage is a collection of everyday impressions rather than a single cohesive narrative. The sunset images carry a contemplative, serene feeling. However, the central photograph of the young man feels deliberately posed. His posture, looking pensively into the distance, is a common trope in contemporary social media, representing a personal moment of performance within the landscape rather than a candid observation. The inclusion of the mundane roadside scene grounds the more scenic views, preventing the collection from becoming overly romanticized. The collage is an ordinary but honest assembly of a place, mixing moments of natural beauty with the simple, staged, and functional realities of daily life."
WhatsApp Image 2026-04-18 at 16.17.18.jpeg,"A collage of six photographs depicts a rocky stream flowing through a dense, green forest. The water is shallow and light-colored, running over and around large, smooth boulders. The surrounding forest is thick with deciduous trees. Several images feature men interacting with the stream. One man, wearing a patterned shirt and rolled-up jeans, sits on a rock in the water. Another man, shirtless, is partially submerged as if swimming or bathing. A third man, in a maroon t-shirt with a checkered scarf around his neck, stands posing for the camera against a backdrop of large rocks. The remaining photos show different aspects of the waterway: a close-up of a small cascade with white, churning water, and a wider view of the stream cutting through a rocky landscape under a partly cloudy sky.

The light across all six images is bright, even daylight, suggesting it is late morning or afternoon. In the photos taken under the forest canopy, the light is soft and diffused by the leaves. One image showing a wider view of the valley reveals a blue sky with scattered white clouds, indicating fair weather. The dense, vibrant green foliage on the trees and the steady flow of water in the stream point to the monsoon or post-monsoon season.

The primary textures are those of the natural environment: the coarse bark of forest trees, the smooth, water-eroded surfaces of boulders in the stream bed, and the weathered, layered face of the rock formations on the bank. The water itself has a pale, slightly opaque quality, possibly from suspended minerals or fine clay. The clothing worn by the men is contemporary casual wear—jeans, t-shirts, and a patterned shirt. One man wears a lightweight, cream-and-orange checkered cotton scarf, similar to a *gamcha*, over his shoulders. The scene portrays the stream as a site for leisure and recreation, with individuals swimming, relaxing, and documenting their time with photographs.

The mood of the collage is one of casual leisure and simple enjoyment of a natural setting. The images feel like personal snapshots taken during an outing among friends or family, meant to capture a pleasant day spent by the water. The poses of the men are consciously arranged for the camera, indicating these are mementos rather than candid documentary photographs. The collection presents an ordinary scene of recreation, showing a quiet, personal interaction with the local landscape away from any overt signs of village habitation or agricultural work."
WhatsApp Image 2026-04-18 at 16.17.19 (1).jpeg,"This is a four-panel photo collage depicting a rural scene by a body of water. The top two panels show the landscape: a lake or reservoir bordered by grassy and sandy banks, with tree-covered hills in the background. Framing these shots are the gnarled, nearly-bare branches of a tree with a few yellowing leaves. A rough, rectangular concrete water trough and a simple wire-and-post fence are visible on the land in the top-left panel. The bottom-left panel shows four young men sitting on a low concrete or earthen wall under large trees; they are posed, with arms around each other, smiling for the camera. Their attire includes t-shirts, polo shirts, trousers, shorts, and a patterned yellow scarf. The bottom-right panel shows one young man in a grey t-shirt and dark trousers, bent over at the waist in the shallows of the water.

The light is soft, even, and diffused, indicating an overcast sky or the muted light of late afternoon. There are no strong, defined shadows in any of the four images. The sky is a pale, hazy white, suggesting either cloud cover or atmospheric haze. The presence of bare branches on the foreground tree might suggest a dry season, but the hills and some of the ground cover remain green, making a definitive seasonal judgment difficult. The overall atmosphere is calm and still, reflected in the gentle ripples on the water's surface.

The material environment is characterized by a blend of natural earth and functional, unfinished construction. The wall the men are sitting on and the water trough appear to be made of rough-cast concrete or a heavy plaster over a core structure. The ground is unpaved, a mix of sandy soil, rocks, and patches of grass. The men's clothing is contemporary and casual, a mix of synthetic and cotton fabrics, while their footwear consists of simple, open-toed sandals. The landscape feels managed but not intensively manicured; the boundary between the built elements and the natural terrain is porous.

The overall mood of the collage is one of casual, everyday leisure. The images document a quiet outing by a lake, a common activity for young men in a rural area. The group photograph is clearly posed, a familiar moment of friendship captured for personal memory, which contrasts with the more candid, observational feel of the other three frames. The collection does not present a dramatic narrative but rather a series of quiet observations: the landscape, the camaraderie, and a simple interaction with the water. It’s an ordinary scene, a mix of personal souvenir-making and documentation of place."
WhatsApp Image 2026-04-18 at 16.17.19.jpeg,"Based on the photograph from Sarangada village for the Maati Katha project:

The four-panel image depicts a rural, agricultural landscape. The top two panels feature a man wearing a dark, checked shirt and trousers, walking away from the camera along a narrow, curving earthen bund that separates flooded fields of bright green paddy. In the background are forested hills under an overcast sky. The bottom two panels show a wider view of the same area, revealing a muddy, brown river adjacent to the paddy field. A concrete weir with at least two sluice gates is built across the river, controlling its flow. The riverbed contains large rocks, and the surrounding banks are a mix of mud, grass, and trees.

The light throughout the collage is flat and diffused, indicating a heavily overcast sky. The lack of distinct shadows suggests either early morning or late afternoon, near dawn or dusk. The flooded paddy fields, the lushness of the vegetation, the high level of the muddy river, and the damp-looking ground all strongly point to the monsoon season. The weather appears humid and still, possibly just after a spell of rain.

The material landscape shows a blend of earthen and modern engineering. The paths through the fields are simple, unpaved bunds, sculpted from the local soil for both passage and water retention—a timeless feature of wet-rice agriculture. Contrasting this is the functional, unadorned concrete of the weir, a modern structure designed for large-scale water management for irrigation. The landscape is visibly shaped by human hands for cultivation, with the natural contours of the land and the flow of the river being actively managed.

The overall mood is one of quiet, functional activity. It’s an ordinary scene from a working agricultural landscape, not one of dramatic beauty or stark poverty. The images feel documentary in their purpose, capturing the relationship between the people, the land, and the water systems that sustain them. The two images of the solitary man walking have a slightly composed feel; while not overtly staged, they use a common visual trope that frames him as a representative figure within this environment, likely for the narrative of the project."
WhatsApp Image 2026-04-18 at 16.17.21.jpeg,"The foreground is a gentle slope of uneven, grassy terrain dotted with small shrubs and weeds. Beyond this, the landscape opens into a patchwork of bright green, waterlogged fields, likely paddy, partitioned by low earthen bunds. Two solitary date palm trees stand in the middle distance, one near a small pool of water. On the right, a raised embankment of reddish-brown earth separates the lower fields from a cluster of dense, leafy trees and bushes. In the background, rolling hills covered in thick, dark green forest rise up, with a more distant, hazy mountain range visible on the far left. A single, dark utility wire runs horizontally across the top third of the photograph.

The light is flat and diffused, suggesting a heavily overcast day. There are no distinct shadows, and the colors, while deep, lack the vibrancy of direct sunlight. This soft illumination points to either a mid-morning or afternoon time, well after sunrise or before sunset. The lushness of the vegetation and the standing water in the fields are strong indicators of the monsoon season or the period immediately following it, a time of high humidity and frequent cloud cover.

A foreign visitor would first notice the way the cultivated landscape is carved directly into the natural one. The flooded paddy fields, a product of significant human labor, sit at the foot of dense, seemingly wild jungle. The visible red earth on the terraced bank is a key feature of the local soil. The only piece of modern industrial material is the thin electrical or telephone wire cutting through the sky, a stark line against the organic forms of the clouds, trees, and hills. Otherwise, the environment is composed entirely of earth, water, and vegetation.

The mood of the image is quiet and contemplative. It's an ordinary, documentary view of a rural, agricultural landscape during the wet season, free of dramatic action. The photograph feels candid, taken from a roadside or a high path, rather than deliberately composed. It doesn't romanticize the scene but presents a frank picture of the land: fertile, water-rich, and bordered by a vast forest, with a single, unobtrusive line connecting it to the world beyond."
WhatsApp Image 2026-04-18 at 16.17.22.jpeg,"This image is a four-panel collage depicting a young man at a scenic viewpoint and the surrounding landscape. The top two panels show the view: a vast expanse of rolling hills covered in a dense, uniform canopy of green forest that recedes into the distance in layers. In the foreground of the top-left panel is a cluster of bright green, leafy bushes. The bottom two panels show a young man with dark hair and eyeglasses standing on a flat, reddish-brown rock ledge. He wears a pale, mint-green long-sleeved sweatshirt and light-wash blue jeans. In the bottom-left frame he is wearing shoes, while in the bottom-right frame he is barefoot, standing on the rock.

The light across all four panels is bright but diffused, with no harsh shadows, suggesting either an overcast day or a time when the sun is high in the sky but filtered through haze. The distant hills are softened and fade into a pale blue-grey, indicating significant atmospheric humidity or mist. The lush, deep green of the unbroken forest cover might suggest a period following the monsoons, though this is not certain. The overall weather appears calm and still.

There are no built structures, tools, or signs of agriculture visible in the frame. The primary material textures are natural: the dense foliage of the forest and the wide, weathered surface of the rock plateau. The man's clothing—a factory-made sweatshirt and denim jeans—is contemporary and not specific to a rural or tribal context. The cultural detail lies in this contrast: a person dressed in modern, casual attire stands apart from and observes a vast, seemingly wild landscape. The relationship shown is that of a visitor to a natural lookout point, rather than someone integrated with the environment through work or daily life.

The mood of the image is calm and expansive. The photographs feel personal and deliberately composed, akin to a travel portrait. The inclusion of two nearly identical poses, differentiated only by the presence or absence of shoes, indicates a staged moment intended to capture a memory of being at this scenic spot. It is an ordinary and familiar type of photograph, documenting an individual's presence in a place of natural beauty, rather than offering a glimpse into the life of the village itself."
WhatsApp Image 2026-04-18 at 16.17.23 (1).jpeg,"PARAGRAPH 1 — Physical content
This image is a collage of twelve photographs depicting people and landscapes. Several frames feature young men in casual contemporary clothing like t-shirts, jeans, and sandals. One man is posed sitting on a large rock against a hilly backdrop; another sits on a grassy bank overlooking flooded green fields that appear to be rice paddies. A selfie shows two young men near a muddy, high-water stream, with one holding a thick wooden staff. Structures include a stone temple with an ornate, tiered tower (*shikhara*), and a paved road with utility poles at night. A white van, possibly a Maruti Omni, is parked on the roadside near a goat. The landscape shots show rolling hills covered in trees and scrub, tracts of tilled reddish-brown earth, a damp forest floor covered in leaf litter, and a wet asphalt road at night with the light trails of a passing vehicle.

PARAGRAPH 2 — Light and time
The photographs are taken at various times of day and in different weather conditions. Several images are captured at dusk or sunset, with a warm, low sun creating a soft orange and pink glow in the sky behind the hills. Other daytime shots are illuminated by the flat, diffused light of an overcast sky, which saturates the greens of the foliage and paddy fields. This, along with the muddy water and damp ground, suggests the monsoon season. Two images are taken after dark, where the only light sources are the bright, harsh beams from streetlights and vehicle headlamps, which create a strong glare on the wet road surface.

PARAGRAPH 3 — Material and cultural texture
A juxtaposition of materials is evident. The temple appears constructed from traditional carved stone or laterite blocks. In contrast, the modern infrastructure of a paved road with concrete light poles cuts through the rural environment. The young men wear mass-produced clothing, but one carries a simple, functional wooden staff, a common tool for walking in the countryside. The agriculture is shaped by the terrain, with bright green paddy fields terraced into the hillside, their earthen bunds holding water. The exposed red soil in other fields points to the lateritic earth common to the region. The built environment—both ancient and modern—is set directly within and against the natural landscape of forests and hills.

PARAGRAPH 4 — Mood and editorial note
The collage has a personal, informal mood, like a collection of memories from a phone camera. It captures everyday life and moments of leisure—friends taking a selfie, an individual watching the landscape—rather than staged cultural performance. The portrait of the young man on the rock is clearly posed, showing an awareness of the camera and a desire for self-representation common in the age of social media. The collection feels authentic because it doesn't romanticize its subject; it's a straightforward depiction of a contemporary rural space where tradition, nature, and modernity visibly coexist. The scenes are ordinary, reflecting the lived reality of its inhabitants."
WhatsApp Image 2026-04-18 at 16.17.23.jpeg,"This collage of six photographs is taken from a high, rocky promontory, looking down and out over a mountainous landscape. The foreground in several frames is dominated by large, weathered, dark grey and brown boulders, with small tufts of green vegetation and moss growing in their crevices. Below and beyond this viewpoint, steep slopes descend into valleys, all of which are covered in a dense, unbroken canopy of lush green forest. No man-made structures, agricultural fields, people, or animals are visible within the frames. The landscape is defined by the interaction of rock, forest, and atmosphere.

The images capture a period of dynamic and shifting weather, strongly suggesting the monsoon season. The quality of light varies dramatically between the frames. In some, a thick, white fog blankets the hills, creating a soft, diffuse, and shadowless light. In others, the fog has parted to reveal a brilliant blue sky populated by white cumulus clouds, with bright, direct sunlight illuminating the scene. The time of day appears to be midday, given the high position of the sun and the lack of long shadows or warm, golden light associated with sunrise or sunset.

The material texture is entirely natural. There is the hard, permanent-seeming quality of the ancient rock in the foreground, contrasted with the soft, wet, and ephemeral nature of the clouds and fog that drift through the scene. The forest below presents a uniform texture of dense foliage, a vast expanse of saturated green. While the village is not depicted, the image powerfully communicates the relationship between any settlement in this area and its environment: life is lived within and at the mercy of these immense, forest-covered hills and their volatile weather systems. The landscape itself is the primary material reality.

The mood of the collage is one of immense scale and elemental power. The rapid shift from total obscurity in the fog to wide, clear vistas creates a feeling of dynamism and awe. The images are not ordinary; they capture a dramatic and fleeting atmospheric event from a privileged vantage point. Nothing here feels staged; it is an authentic documentation of a monsoon day in the Eastern Ghats. This is not a photograph of the village or its people, but rather an immersive portrait of the overwhelmingly powerful natural world that contains and defines their existence."
WhatsApp Image 2026-04-18 at 16.17.24 (1).jpeg,"This collage presents six photographs of a rural landscape and its inhabitants. The top-left and middle-left panels show wide views of green, rolling hills, fields (some containing standing water), and scattered trees under an overcast sky; one includes a sunset, and the other has a power line crossing the frame. A central, larger image shows a shirtless young man smiling in muddy, brown water, holding onto a large log. To the right of that, a smaller photo captures a person on a bicycle riding through a heavy downpour on a wet road, past a simple building with a dark roof. The bottom-left panel is a selfie of two young men, one in a striped polo shirt and the other in a dark t-shirt holding a wooden staff, standing by a muddy stream. The final panel on the bottom-right shows a terraced, bright green rice paddy with a person partially visible working at its edge.

The collection of images appears to be captured during the monsoon season. This is evident from the heavy rainfall in one photo, the swollen and muddy rivers and streams in others, the saturated green of the landscape, and the frequently overcast skies providing soft, diffused daylight. One image, however, breaks this pattern, capturing the warm, low-angled light of either a sunrise or sunset, suggesting a brief clearing in the weather. The overall quality of light across the other photos is flat and cool, typical of a cloudy, rainy day.

A visitor would notice the deep integration of life with the landscape. The built environment is simple: a building with what looks like a tin or asbestos roof, earthen bunds for terracing rice paddies, and a mix of paved and unpaved roads. The muddy brown color of the water is a prominent feature, indicating the region's lateritic and clay soil being washed into the waterways by the rains. People use simple tools like a wooden staff for navigating the wet terrain. While the setting is rural, the clothing is contemporary—polo shirts and t-shirts—and the act of taking a selfie indicates modern habits coexisting with agricultural life. The overhead power line is a clear sign of modern infrastructure reaching the area.

The mood of the collage is one of youthful engagement with the monsoon season. There is a sense of play and camaraderie, particularly in the images of the young men swimming and taking a selfie. These moments feel personal and staged for the camera, capturing memories of leisure. The other images, like the landscapes and the cyclist in the rain, have a more observational, everyday quality. The collection as a whole does not romanticize rural life; instead, it presents a frank and personal snapshot of a contemporary village where daily routines and moments of recreation are dictated by the dramatic character of the seasonal weather."
WhatsApp Image 2026-04-18 at 16.17.24.jpeg,"This is a collage of nine photographs arranged in a three-by-three grid. The images document an outing by a group of at least seven young men in a rural, hilly landscape. They are dressed in casual clothing: t-shirts, trousers, and jackets. In several frames, they pose for the camera—on a rocky outcrop with arms raised against a foggy backdrop, standing together with arms around each other's shoulders, and inside the mouth of a shallow cave. One man takes a smiling selfie with the group visible behind him among dense green foliage. The environment features hills thick with trees, a body of water with reddish-brown clay banks, and wet, lateritic soil. The final image shows a paved road at night, illuminated by streetlights, with the red tail light of a moving vehicle blurred in motion.

The majority of the photographs are taken during the daytime under a heavy, overcast sky. The light is soft and diffused, creating minimal shadows, which, combined with the visible fog and mist clinging to the hills, indicates damp, cloudy weather. The lush, green vegetation and wet-looking ground are strong cues for the monsoon season. The collection of images appears to chronicle a single day, progressing from daylight hours into the night, as shown by the last photograph, which is lit artificially by bright, white street lamps against a dark background.

The landscape is defined by its natural materials: the dark, wet rock of the outcrops and cave, the vibrant green of the foliage, and the distinctive red-brown earth. The men wear contemporary, mass-produced clothing—t-shirts, dark trousers, and synthetic jackets. One individual wears open-toed sandals, while others appear to be in shoes. A blue and white checkered cloth is slung over one man’s shoulder, a common type of utility fabric. The only significant built environment shown is in the final frame: an asphalt road with concrete or metal streetlight poles. This stands in sharp contrast to the other images, which depict a landscape largely untouched by construction.

The collage conveys a mood of casual friendship and youthful adventure. The images have the unpolished, spontaneous quality of personal photographs taken with a phone camera to capture a shared experience. The poses are familiar and appear unstaged, intended as memories for the subjects themselves rather than for an outside viewer. This is an ordinary documentation of a day trip—a hike with friends. The inclusion of the nighttime road scene at the end completes the narrative arc of the journey, from the natural terrain of the daytime trek to the man-made infrastructure that leads them home."
